Date,Message
2025-10-01T05:45:00.000-00:00,"1,0.76,100,2.48,0.32,NaN,0,1,0,2,1"
2025-10-01T12:00:00.000-00:00,"1,0.02,100,0.3,2.88,NaN,0,2,1,3,0"
2025-10-01T12:15:00.000-00:00,"1,0.18,100,1.85,0.02,NaN,0,2,1,1,2"
2025-10-01T23:45:00.000-00:00,"1,0.11,100,0.54,0,NaN,0,1,0,1,0"
2025-10-02T01:00:00.000-00:00,"0,0.08,100,0.42,2.92,NaN,0,1,1,3,0"
2025-10-02T07:45:00.000-00:00,"1,0.2,100,1.65,0.13,NaN,0,2,1,1,1"
2025-10-02T12:15:00.000-00:00,"0,0.34,100,1.76,0.08,NaN,0,2,0,5,1"
2025-10-02T12:45:00.000-00:00,"0,0.75,100,3.14,0.15,NaN,0,2,1,7,2"
2025-10-02T14:30:00.000-00:00,"0,0.21,100,0.39,0.76,NaN,0,3,0,1,0"
2025-10-02T16:00:00.000-00:00,"0,0.26,100,0.67,0.26,NaN,0,3,0,2,6"
2025-10-02T19:00:00.000-00:00,"1,0.34,100,0.79,0.4,NaN,0,3,1,1,15"
2025-10-02T20:00:00.000-00:00,"0,0.15,100,1.21,0.11,NaN,0,3,1,1,0"
2025-10-03T01:45:00.000-00:00,"0,0.51,100,4.48,0.01,-17.92,0,1,0,1,0"
2025-10-03T04:45:00.000-00:00,"1,0.62,100,2.31,0.13,22.38,1,1,0,1,2"
2025-10-03T06:30:00.000-00:00,"0,0.32,100,1.17,0.39,-49.77,0,1,1,5,0"
2025-10-03T07:30:00.000-00:00,"0,0.79,100,1.91,0.02,NaN,0,4,0,15,58"
2025-10-03T08:30:00.000-00:00,"1,0.07,100,0.66,0.14,222.51,1,2,1,1,0"
2025-10-03T10:30:00.000-00:00,"1,0.74,100,2.27,0.57,60.68,1,2,1,6,5"
2025-10-03T11:45:00.000-00:00,"1,0.3,100,1.45,0,198.97,1,2,0,2,13"
2025-10-03T20:45:00.000-00:00,"1,0.06,100,1.76,0,250.11,1,3,1,7,0"
2025-10-06T16:00:00.000-00:00,"1,0.18,100,0.94,0.29,240.31,1,3,0,5,3"
2025-10-06T17:00:00.000-00:00,"0,0.54,100,1.95,0.06,258.71,1,3,0,2,4"
2025-10-06T21:30:00.000-00:00,"1,0.57,100,3.83,0.06,280.02,1,3,0,14,3"
2025-10-06T22:00:00.000-00:00,"0,0.13,100,1.23,0.07,195.28,1,1,0,1,0"
2025-10-07T00:45:00.000-00:00,"1,0.66,100,3.31,0.2,218.4,1,1,1,1,3"
2025-10-07T06:00:00.000-00:00,"0,0.14,100,0.82,0.16,-25.25,0,1,1,1,1"
2025-10-07T13:15:00.000-00:00,"0,1.21,100,2.43,0.07,-581.92,0,2,0,5,2"
2025-10-07T15:00:00.000-00:00,"0,0.3,100,0.93,0.27,-486.89,0,2,0,8,7"
2025-10-07T16:00:00.000-00:00,"0,1.7,100,4.1,0.11,-359.33,0,2,0,16,4"
2025-10-07T19:15:00.000-00:00,"1,0.2,100,1.04,1.77,-325.06,0,3,0,13,3"
2025-10-08T02:15:00.000-00:00,"0,0.01,100,0.95,0.71,-443.93,0,1,1,1,0"
2025-10-08T15:00:00.000-00:00,"1,0.76,100,3.86,0.28,-57.99,0,3,0,2,1"
2025-10-08T16:45:00.000-00:00,"0,0.32,100,0.83,0,-550.87,0,3,0,1,1"
2025-10-09T01:00:00.000-00:00,"1,0.46,100,1.95,0.09,-301.37,0,3,1,1,19"
2025-10-09T04:30:00.000-00:00,"1,0.15,100,0.61,0.27,-417.52,0,3,0,37,0"
2025-10-09T08:30:00.000-00:00,"0,0.33,100,2.02,0.18,-758.87,0,2,0,1,1"
2025-10-09T10:45:00.000-00:00,"1,0.12,100,0.86,0.89,-475.88,0,2,0,3,1"
2025-10-09T11:00:00.000-00:00,"0,1.19,100,3.13,0.13,-483.44,0,1,1,12,6"
2025-10-09T12:00:00.000-00:00,"1,0.12,100,0.69,0.85,-489.42,0,2,1,1,0"
2025-10-10T07:00:00.000-00:00,"0,0.2,100,2.86,0,-217.64,0,1,1,1,3"
2025-10-10T12:30:00.000-00:00,"0,1.13,100,5.99,0.01,-558.01,0,2,1,4,2"
2025-10-10T15:00:00.000-00:00,"0,0.69,100,3.71,0.08,-293.8,0,2,1,22,0"
2025-10-10T20:15:00.000-00:00,"1,0.08,100,1.38,0.39,240.26,1,3,1,2,0"
2025-10-13T06:45:00.000-00:00,"1,0.45,100,6.02,0.1,208.44,1,1,1,1,0"
2025-10-13T20:45:00.000-00:00,"1,0.42,100,2.59,0.14,340.99,1,3,1,6,3"
2025-10-14T03:45:00.000-00:00,"1,0.43,100,3.09,0.1,380.83,1,1,1,1,9"
2025-10-14T08:30:00.000-00:00,"0,0.17,100,0.74,0.11,-433.46,0,2,0,2,2"
2025-10-14T10:15:00.000-00:00,"1,0.14,100,2.23,0,-244.45,0,2,0,3,2"
2025-10-14T12:00:00.000-00:00,"0,1.16,100,1.25,0.38,-174.92,0,1,1,10,11"
2025-10-14T13:45:00.000-00:00,"1,0.99,100,2.85,0.09,-182.67,0,4,0,2,0"
2025-10-14T15:30:00.000-00:00,"0,0.95,100,1.41,0.04,-215.94,0,3,0,3,3"
2025-10-14T15:45:00.000-00:00,"0,0.5,100,0.67,0.26,-45.8,0,1,0,36,1"
2025-10-15T06:00:00.000-00:00,"1,0.34,100,2.12,0.09,414.26,1,1,1,1,0"
2025-10-15T07:30:00.000-00:00,"0,0.17,100,0.82,1.64,424.59,1,2,1,1,0"
2025-10-15T20:00:00.000-00:00,"1,0.17,100,1.83,0.24,767.63,1,3,1,2,4"
2025-10-16T01:30:00.000-00:00,"1,0.45,100,1.79,1.02,905.54,1,1,1,2,1"
2025-10-16T04:30:00.000-00:00,"0,0.29,100,0.81,0.81,736.17,1,1,1,1,2"
2025-10-20T01:15:00.000-00:00,"1,0.07,100,2.76,0.28,-127.37,0,1,0,1,0"
2025-10-20T10:00:00.000-00:00,"1,0.22,100,0.87,1.16,114.36,1,2,0,2,1"
2025-10-20T12:30:00.000-00:00,"0,0.93,100,3.08,0.17,20.48,1,2,0,7,2"
2025-10-20T13:30:00.000-00:00,"1,0.58,100,1.58,0.21,-0.67,0,4,1,5,0"
2025-10-20T17:00:00.000-00:00,"0,1.21,100,2.56,0.04,38.21,1,4,1,2,11"
2025-10-21T00:30:00.000-00:00,"0,0.56,100,4.51,0,-145.79,0,1,0,6,2"
2025-10-21T01:15:00.000-00:00,"1,0.04,100,1.47,0.23,-81.09,0,1,0,1,0"
2025-10-21T06:30:00.000-00:00,"0,0.07,100,2.21,0.01,-207.9,0,1,0,1,2"
2025-10-21T15:15:00.000-00:00,"0,0.23,100,1.65,0.01,-535.69,0,3,0,1,1"
2025-10-21T20:15:00.000-00:00,"0,0.04,100,1.19,0.27,-626.71,0,3,1,5,8"
2025-10-22T05:45:00.000-00:00,"1,0.04,100,1.94,0.42,-476.85,0,1,1,1,0"
2025-10-22T12:30:00.000-00:00,"1,0.41,100,0.91,1.18,-640.81,0,4,0,2,0"
2025-10-22T19:45:00.000-00:00,"0,0.27,100,2.25,0.05,-539.5,0,3,1,1,2"
2025-10-23T02:00:00.000-00:00,"0,0.03,100,0.14,8.67,-542.04,0,1,1,8,0"
2025-10-23T02:15:00.000-00:00,"0,0.47,100,3.63,0.12,-582.31,0,1,0,2,6"
2025-10-23T05:45:00.000-00:00,"0,0.46,100,2.77,0.12,-517.41,0,1,0,5,4"
2025-10-23T05:45:00.000-00:00,"0,0.32,100,2.4,0,-508.78,0,1,1,26,0"
2025-10-23T12:15:00.000-00:00,"0,0.63,100,3.24,0.27,-397.69,0,2,1,2,3"
2025-10-23T14:15:00.000-00:00,"0,0.85,100,2,0.25,-569.89,0,3,1,1,0"
2025-10-23T22:15:00.000-00:00,"1,0.19,100,3.33,0.63,-483.64,0,1,1,5,0"
2025-10-24T08:30:00.000-00:00,"0,0.8,100,2.58,0.56,-188.54,0,2,0,2,0"
2025-10-24T14:45:00.000-00:00,"1,1.16,100,9.33,0.72,101.29,1,4,0,7,1"
2025-10-26T21:00:00.000-00:00,"0,0.31,100,0.58,1.08,-354.27,0,3,0,20,1"
2025-10-26T22:00:00.000-00:00,"0,1.03,100,3.13,0.25,-92.89,0,3,1,24,4"
2025-10-27T06:00:00.000-00:00,"0,0.15,100,1.04,0.06,-301.6,0,1,1,3,3"
2025-10-27T08:15:00.000-00:00,"0,0.61,100,2.92,0.05,-424.23,0,2,0,1,2"
2025-10-27T12:45:00.000-00:00,"1,0.18,100,1.32,0.05,-48.5,0,2,1,1,9"
2025-10-28T08:00:00.000-00:00,"1,0.63,100,3.65,0.15,49.81,1,1,1,32,0"
2025-10-28T08:00:00.000-00:00,"1,0.07,100,1.42,0.14,23.04,1,1,1,33,0"
2025-10-28T12:30:00.000-00:00,"0,0.53,100,2.07,0,-273.91,0,2,1,2,2"
2025-10-29T04:00:00.000-00:00,"0,0.23,100,0.77,0.75,-1167.72,0,1,0,1,0"
2025-10-29T04:00:00.000-00:00,"0,0.12,100,0.29,0.06,-1159.17,0,1,0,2,0"
2025-10-29T10:30:00.000-00:00,"1,0.4,100,0.68,1.27,-1302.56,0,2,0,2,1"
2025-10-29T13:45:00.000-00:00,"0,0.19,100,1.38,0.22,-1407.38,0,4,1,1,3"
2025-10-29T17:30:00.000-00:00,"0,0.44,100,1.77,1.46,-1422.22,0,3,1,3,11"
2025-10-29T21:00:00.000-00:00,"1,0.15,100,1.04,0.17,-1144.99,0,3,1,4,0"
2025-10-30T12:45:00.000-00:00,"1,0.96,100,1.85,0.05,-439.33,0,2,0,1,4"
2025-10-31T07:00:00.000-00:00,"1,0.36,100,2.74,0.13,-198.68,0,1,0,1,1"
2025-11-03T11:30:00.000-00:00,"1,0.26,100,2.76,0.05,278.91,1,2,0,1,0"
2025-11-03T17:30:00.000-00:00,"1,0.6,100,2.69,0,543.19,1,3,0,3,3"
2025-11-04T00:00:00.000-00:00,"0,0.06,100,1.86,0.47,312.87,1,1,1,1,2"
2025-11-04T02:30:00.000-00:00,"0,0.56,100,2.24,0.32,236.08,1,1,0,2,7"
2025-11-04T10:00:00.000-00:00,"0,0.36,100,0.8,0.31,-545.73,0,2,0,1,0"
2025-11-05T01:45:00.000-00:00,"1,0.11,100,0.28,4.5,-369.78,0,1,1,1,0"
2025-11-05T10:45:00.000-00:00,"1,0.43,100,0.9,0.52,131.34,1,2,0,2,5"
2025-11-05T13:45:00.000-00:00,"1,0.96,100,1.46,0.21,158.65,1,4,0,7,0"
2025-11-06T00:15:00.000-00:00,"0,0.51,100,0.57,1.22,9.78,1,1,0,1,3"
2025-11-06T04:00:00.000-00:00,"1,0.31,100,0.93,0.17,113.7,1,1,1,2,0"
2025-11-06T18:00:00.000-00:00,"1,0.6,100,1.57,0.02,914.63,1,3,1,1,6"
2025-11-07T06:30:00.000-00:00,"0,0.07,100,1.7,0.15,648.8,1,1,1,1,12"
2025-11-07T11:15:00.000-00:00,"0,0.49,100,1.37,0.06,272.74,1,2,0,10,0"
2025-11-07T15:00:00.000-00:00,"0,0.4,100,2.7,0.29,701.27,1,1,1,48,0"
2025-11-07T16:00:00.000-00:00,"1,0.04,100,0.17,2.27,228.02,1,3,1,3,1"
2025-11-09T22:00:00.000-00:00,"0,0.75,100,2.64,0,-1.65,0,3,0,8,1"
2025-11-09T22:00:00.000-00:00,"0,0.05,100,1.04,0.21,146.69,1,3,0,12,0"
2025-11-10T13:15:00.000-00:00,"1,0.21,100,0.61,0.3,-79.98,0,4,1,5,0"
2025-11-10T13:30:00.000-00:00,"1,0.09,100,0.78,0.11,-24.58,0,4,0,3,2"
2025-11-10T14:30:00.000-00:00,"1,0.79,100,0.93,0.18,-142.3,0,2,0,7,4"
2025-11-11T02:45:00.000-00:00,"1,0.13,100,0.87,0.71,18.72,1,1,1,1,1"
2025-11-11T22:00:00.000-00:00,"0,0.13,100,1.37,0.13,-169.33,0,1,1,4,0"
2025-11-12T05:45:00.000-00:00,"0,2.38,100,9.54,0.26,-163.82,0,2,1,24,66"
2025-11-12T07:30:00.000-00:00,"0,0.56,100,1.59,0.69,-386.91,0,1,1,10,2"
2025-11-12T08:00:00.000-00:00,"0,0.17,100,0.68,0.23,-304.81,0,1,1,29,0"
2025-11-12T16:00:00.000-00:00,"0,0.78,100,1.37,0.23,-534.94,0,4,0,11,2"
2025-11-13T08:00:00.000-00:00,"1,0.09,100,1.32,0.04,-221.14,0,2,1,1,0"
2025-11-13T13:30:00.000-00:00,"1,0.03,100,0.76,0.23,363.54,1,4,0,1,1"
2025-11-13T15:00:00.000-00:00,"1,1.61,100,3.69,0.07,241.79,1,4,1,3,6"
2025-11-13T22:30:00.000-00:00,"1,0.13,100,0.54,0.36,819.65,1,1,0,1,0"
2025-11-14T00:30:00.000-00:00,"1,0.7,100,0.74,0.18,298.85,1,1,0,1,0"
2025-11-14T00:30:00.000-00:00,"1,0.1,100,0.39,0.15,237.51,1,1,0,2,0"
2025-11-14T06:45:00.000-00:00,"1,0.11,100,0.95,0.35,104.23,1,1,0,1,0"
2025-11-14T08:30:00.000-00:00,"0,1.67,100,2.82,0.13,269.08,1,1,0,3,34"
2025-11-14T08:30:00.000-00:00,"0,0.67,100,6.63,0.09,643.79,1,1,1,38,0"
2025-11-17T01:00:00.000-00:00,"0,0.42,100,2.83,0.18,53.67,1,1,0,1,3"
2025-11-17T01:00:00.000-00:00,"0,0.18,100,1.28,0.07,105.46,1,1,0,5,0"
2025-11-17T06:30:00.000-00:00,"0,0.3,100,0.94,1.03,-111.72,0,1,0,1,0"
2025-11-17T07:00:00.000-00:00,"0,1.25,100,4.1,0.09,-57.06,0,1,0,2,2"
2025-11-17T07:00:00.000-00:00,"0,0.1,100,0.43,0.8,-5.88,0,1,1,5,0"
2025-11-17T11:45:00.000-00:00,"1,1.44,100,4.64,0.1,103.57,1,2,1,3,14"
2025-11-17T14:45:00.000-00:00,"1,0.03,100,0.22,1.41,354.32,1,4,0,7,3"
2025-11-17T15:30:00.000-00:00,"1,0.74,100,2.9,0,264.9,1,4,0,10,4"
2025-11-18T02:30:00.000-00:00,"0,0.07,100,0.61,1.24,118.23,1,1,1,1,0"
2025-11-18T17:45:00.000-00:00,"0,0.26,100,0.89,0.05,-597.64,0,3,1,1,4"
2025-11-18T18:30:00.000-00:00,"0,0.7,100,1.74,0.22,-798.64,0,3,0,1,1"
2025-11-19T15:15:00.000-00:00,"0,0.21,100,0.49,0.56,-436.61,0,3,0,2,0"
2025-11-20T06:15:00.000-00:00,"0,0.2,100,2.68,0,-534.27,0,3,0,37,7"
2025-11-20T16:00:00.000-00:00,"0,0.2,100,0.51,1.09,325.98,1,3,0,1,0"
2025-11-21T07:30:00.000-00:00,"1,0.29,100,1.87,0.41,365.32,1,1,1,13,2"
2025-11-21T12:30:00.000-00:00,"0,0.21,100,2.12,0.37,38.63,1,2,0,4,6"
2025-11-24T14:00:00.000-00:00,"1,0.39,100,0.79,1.03,394.49,1,4,0,5,1"
2025-11-24T16:45:00.000-00:00,"1,0.14,100,1.47,0.17,369.08,1,3,0,1,1"
2025-11-25T10:30:00.000-00:00,"1,0.19,100,1.89,0,576.45,1,2,0,1,2"
2025-11-26T07:15:00.000-00:00,"0,1.31,100,2.36,0.13,574.31,1,3,1,5,37"
2025-11-26T08:30:00.000-00:00,"0,0.62,100,4.22,0.02,189.77,1,2,0,2,2"
2025-11-27T06:45:00.000-00:00,"1,0.32,100,3.42,0.23,438.26,1,1,0,2,33"
2025-11-27T14:15:00.000-00:00,"1,0.6,100,2.08,0.29,249.13,1,4,0,2,1"
2025-11-27T14:45:00.000-00:00,"1,0.19,100,1.99,0.08,171.52,1,4,0,4,2"
2025-11-27T15:45:00.000-00:00,"0,0.35,100,1.38,0.15,209.08,1,3,1,5,0"
2025-11-28T15:45:00.000-00:00,"0,0.19,100,1.36,0.01,-919.91,0,3,1,1,0"
2025-12-02T06:00:00.000-00:00,"1,0.2,100,3.21,0.23,-152.45,0,1,0,14,3"
2025-12-02T15:00:00.000-00:00,"0,0.23,100,1.61,0.12,-202.36,0,4,1,1,5"
2025-12-03T08:15:00.000-00:00,"1,0.93,100,3.52,0.66,22.59,1,1,0,11,0"
2025-12-03T12:45:00.000-00:00,"1,1.08,100,2.6,0.35,336.35,1,2,1,1,11"
2025-12-03T18:30:00.000-00:00,"1,0.37,100,1.35,0.34,931.65,1,3,1,1,8"
2025-12-04T05:30:00.000-00:00,"0,0.02,100,1.68,0.03,669.03,1,1,0,1,6"
2025-12-04T09:30:00.000-00:00,"1,0.78,100,7.21,0.11,708.03,1,2,0,2,2"
2025-12-04T14:00:00.000-00:00,"0,0.21,100,1.31,0.22,579.6,1,4,0,1,1"
2025-12-04T15:00:00.000-00:00,"1,0.27,100,0.78,0.27,604.33,1,3,1,3,0"
2025-12-05T15:30:00.000-00:00,"0,0.1,100,0.54,0.21,-492.8,0,3,1,1,5"
2025-12-05T20:45:00.000-00:00,"0,0.61,100,2.31,0.08,-1256.79,0,3,1,2,11"
2025-12-08T14:00:00.000-00:00,"0,0.61,100,3.65,0.04,-1058.98,0,4,0,2,5"
2025-12-08T14:00:00.000-00:00,"0,0.41,100,1.58,0.31,-986.05,0,4,0,8,0"
2025-12-09T03:30:00.000-00:00,"1,0.45,100,2.26,0.08,-138.68,0,1,0,1,5"
2025-12-09T09:30:00.000-00:00,"1,0.95,100,4.07,0,68.5,1,2,0,2,1"
2025-12-10T11:00:00.000-00:00,"1,1.33,100,4.38,0.07,-55.9,0,2,0,6,9"
2025-12-10T20:45:00.000-00:00,"1,0.52,100,5.11,0.07,15.19,1,3,1,10,17"
2025-12-11T06:00:00.000-00:00,"0,0.32,100,0.9,0.36,107.67,1,1,1,1,0"
2025-12-11T22:00:00.000-00:00,"0,0.11,100,1.67,0.3,-119.6,0,3,1,7,0"
2025-12-12T07:00:00.000-00:00,"0,1.22,100,2.56,0.04,-62.94,0,3,1,10,34"
2025-12-12T16:30:00.000-00:00,"0,1.17,100,1.94,0.11,-330.95,0,2,1,32,1"
2025-12-12T21:45:00.000-00:00,"1,0.12,100,1.34,1.02,-318.6,0,3,1,2,4"
2025-12-15T05:30:00.000-00:00,"0,0.02,100,0.34,3.57,-351.33,0,1,1,1,0"
2025-12-15T12:45:00.000-00:00,"1,0.16,100,1.51,0.12,5.64,1,2,1,11,0"
2025-12-15T15:00:00.000-00:00,"1,0.99,100,0.88,0.68,32.47,1,4,1,5,0"
2025-12-16T15:00:00.000-00:00,"1,0.35,100,1.38,0.21,326.19,1,2,1,19,4"
2025-12-17T15:45:00.000-00:00,"0,0.74,100,2.45,0.92,11.45,1,1,1,40,0"
2025-12-17T19:45:00.000-00:00,"0,0.11,100,1.51,0.57,287.02,1,3,1,1,7"
2025-12-18T01:45:00.000-00:00,"1,0.98,100,4.26,0.06,196.09,1,3,0,11,28"
2025-12-18T05:45:00.000-00:00,"1,0.29,100,2.84,0.44,-18.6,0,3,0,39,17"
2025-12-18T09:45:00.000-00:00,"0,0.04,100,0.39,1,-341.09,0,2,1,1,0"
2025-12-18T11:15:00.000-00:00,"0,0.76,100,0.95,0.05,-304.3,0,2,0,6,2"
2025-12-18T12:00:00.000-00:00,"1,0.19,100,0.82,0.94,-257.68,0,2,1,3,0"
2025-12-18T15:15:00.000-00:00,"1,0.33,100,1.39,0.15,421.79,1,4,0,8,1"
2025-12-19T01:30:00.000-00:00,"0,0.01,100,0.9,0.42,25.62,1,1,0,1,3"
2025-12-19T06:30:00.000-00:00,"1,0.11,100,2.5,0.22,120.09,1,1,1,1,0"
2025-12-22T07:00:00.000-00:00,"1,0.2,100,0.91,0.57,340.02,1,1,0,17,5"
2025-12-22T12:30:00.000-00:00,"1,0.47,100,3.55,0.03,353.25,1,2,1,9,0"
2025-12-22T18:15:00.000-00:00,"1,0.41,100,2.55,0.42,347.25,1,3,0,3,1"
2025-12-22T18:45:00.000-00:00,"0,0.46,100,1.7,0.26,377,1,3,1,2,0"
2025-12-22T19:15:00.000-00:00,"0,0.34,100,1.15,0.02,267.49,1,3,0,1,2"
2025-12-23T00:15:00.000-00:00,"1,0.07,100,0.56,1.25,404.63,1,1,1,1,0"
2025-12-23T06:45:00.000-00:00,"1,0.09,100,2.65,0.23,453.88,1,1,0,2,3"
2025-12-23T15:00:00.000-00:00,"0,0.26,100,1.95,0.23,81.17,1,4,0,5,3"
2025-12-23T17:15:00.000-00:00,"0,0.08,100,1.17,1.81,-60.72,0,3,1,1,4"
2025-12-23T21:30:00.000-00:00,"1,0.06,100,1.19,0.12,-91.63,0,3,1,1,4"
2025-12-24T03:00:00.000-00:00,"1,0.22,100,2.08,0.4,121.88,1,1,0,1,4"
2025-12-24T08:00:00.000-00:00,"0,0.09,100,1.17,0,-21.38,0,2,1,2,0"
2025-12-24T09:30:00.000-00:00,"1,0.22,100,1.86,0.23,-3.82,0,2,1,2,0"
2025-12-26T06:00:00.000-00:00,"0,0.49,100,1.95,0.09,-218.64,0,1,1,2,0"
2025-12-26T13:00:00.000-00:00,"0,1.11,100,3.15,0.11,-167.4,0,1,0,24,7"
2025-12-26T13:45:00.000-00:00,"0,0.84,100,4,0,-109.05,0,1,1,32,3"
2025-12-29T05:30:00.000-00:00,"0,0.27,100,1.04,0.22,-221.23,0,1,0,1,0"
2025-12-29T06:15:00.000-00:00,"1,0.02,100,0.84,0.38,-180.72,0,1,1,1,0"
2025-12-29T11:15:00.000-00:00,"1,0.38,100,1.1,0.14,105.75,1,2,1,3,0"
2025-12-29T14:00:00.000-00:00,"0,0.91,100,1.18,0,37.42,1,4,0,2,5"
2025-12-29T22:45:00.000-00:00,"1,0.13,100,3.4,0.09,275.47,1,1,0,3,4"
2025-12-30T01:45:00.000-00:00,"0,0.14,100,0.99,1.62,164.84,1,1,1,2,0"
2025-12-30T05:45:00.000-00:00,"1,0.24,100,2.01,0.77,185.89,1,1,1,2,0"
2025-12-30T08:15:00.000-00:00,"0,0.61,100,1.38,0.28,98.13,1,2,0,2,1"
2025-12-31T05:15:00.000-00:00,"0,0.45,100,1.05,0.36,-248.08,0,1,0,1,1"
2025-12-31T08:00:00.000-00:00,"1,0.87,100,3.54,0.2,-213.88,0,1,1,2,8"
2025-12-31T10:45:00.000-00:00,"0,1.17,100,1.64,0.17,-431.6,0,2,0,1,6"
2025-12-31T11:30:00.000-00:00,"0,0.76,100,2.19,0.24,-319.28,0,2,0,8,3"
2025-12-31T20:15:00.000-00:00,"1,0.45,100,1.67,0.12,-44.86,0,3,1,1,15"
2026-01-01T22:00:00.000-00:00,"1,0.79,100,3.14,0.18,380.21,1,1,0,2,2"
2026-01-01T22:00:00.000-00:00,"1,0.13,100,0.67,0.67,248.15,1,3,1,6,0"
2026-01-01T23:00:00.000-00:00,"1,0.04,100,1.16,0.17,291.57,1,3,1,5,4"
2026-01-02T07:15:00.000-00:00,"1,0.45,100,2.21,0.01,208.5,1,3,0,40,4"
2026-01-02T08:00:00.000-00:00,"0,0.11,100,1.25,0.48,-96.92,0,2,1,1,0"
2026-01-02T09:15:00.000-00:00,"0,1.27,100,2.81,0,-38.69,0,2,0,2,5"
2026-01-02T13:15:00.000-00:00,"1,0.06,100,1.03,0.32,13.16,1,4,1,1,0"
2026-01-02T13:30:00.000-00:00,"0,0.98,100,2.31,0.09,133.28,1,1,0,29,0"
2026-01-02T13:30:00.000-00:00,"0,0.93,100,3.53,0,191.9,1,1,1,30,0"
2026-01-02T19:30:00.000-00:00,"1,0.51,100,1.4,0.23,241.49,1,3,0,19,3"
2026-01-05T04:00:00.000-00:00,"0,0.52,100,2.77,0.14,-15.79,0,1,0,1,4"
2026-01-05T07:30:00.000-00:00,"1,0.16,100,0.69,0.36,150.45,1,1,1,1,10"
2026-01-05T20:45:00.000-00:00,"1,0.28,100,1.82,0.32,1228.79,1,3,1,1,0"
2026-01-06T00:30:00.000-00:00,"0,0.1,100,1.64,0,1129.87,1,1,1,2,2"
2026-01-06T19:45:00.000-00:00,"1,0.3,100,1.56,0,421.48,1,3,1,3,5"
2026-01-07T00:15:00.000-00:00,"1,0.24,100,1.42,0.19,562.86,1,1,1,1,9"
2026-01-07T06:45:00.000-00:00,"0,0.26,100,1.26,0.35,528.76,1,1,0,7,2"
2026-01-07T21:00:00.000-00:00,"0,0.24,100,1.48,0.29,358.38,1,2,0,49,2"
2026-01-08T06:00:00.000-00:00,"1,0.04,100,0.76,0.13,270.34,1,1,1,1,11"
2026-01-08T14:45:00.000-00:00,"0,0.02,100,0.06,13.33,-278.52,0,3,0,1,2"
2026-01-08T17:00:00.000-00:00,"0,0.21,100,1.61,0.08,-51.18,0,4,1,10,6"
2026-01-09T06:00:00.000-00:00,"0,0.76,100,2.17,0,15.6,1,1,1,2,5"
2026-01-09T12:30:00.000-00:00,"0,0.06,100,1.27,0.1,-180.47,0,2,0,13,1"
2026-01-09T13:30:00.000-00:00,"1,0.1,100,1.26,0.05,19.36,1,4,1,1,0"
2026-01-09T13:30:00.000-00:00,"1,0.73,100,3.09,0,-57.4,0,4,1,2,0"
2026-01-09T13:30:00.000-00:00,"1,0.58,100,1.71,0.03,-109.54,0,4,1,3,0"
2026-01-12T08:00:00.000-00:00,"0,0.28,100,1.93,0.09,201.07,1,2,0,1,0"
2026-01-12T11:00:00.000-00:00,"1,0.59,100,1.34,0.29,346.01,1,2,1,2,5"
2026-01-12T12:00:00.000-00:00,"0,0.46,100,1.17,0.43,409.01,1,2,0,1,0"
2026-01-13T13:45:00.000-00:00,"0,0.45,100,1.32,1.02,130.4,1,4,0,2,1"
2026-01-14T01:15:00.000-00:00,"1,0.02,100,1.23,0.11,-167.28,0,1,0,1,1"
2026-01-14T02:15:00.000-00:00,"0,0.13,100,1.43,0.27,-169.83,0,3,0,18,6"
2026-01-14T06:15:00.000-00:00,"1,0.2,100,1.18,0.06,-64.41,0,1,0,11,3"
2026-01-14T06:45:00.000-00:00,"1,0.29,100,0.33,1.5,-94.38,0,1,1,14,3"
2026-01-14T12:00:00.000-00:00,"1,0.49,100,3.75,0.1,75.29,1,2,0,10,4"
2026-01-14T21:45:00.000-00:00,"0,0.29,100,1.46,0.33,-107.5,0,3,0,18,2"
2026-01-15T10:15:00.000-00:00,"1,0.08,100,0.95,1.63,200.59,1,2,0,4,2"
2026-01-15T21:00:00.000-00:00,"0,0.22,100,1.38,0.57,-565.94,0,3,1,1,1"
2026-01-15T21:15:00.000-00:00,"0,0.06,100,1.33,0.06,-554.78,0,3,1,2,2"
2026-01-15T21:45:00.000-00:00,"0,0.04,100,2.13,0.3,-598.67,0,1,0,1,0"
2026-01-16T06:45:00.000-00:00,"1,0.17,100,1.72,0,-386.08,0,1,0,3,8"
2026-01-16T08:30:00.000-00:00,"1,0.13,100,0.83,0.87,-193.57,0,2,1,1,0"
2026-01-16T15:15:00.000-00:00,"1,0.48,100,0.59,0.02,0.32,1,4,0,4,2"
2026-01-19T09:15:00.000-00:00,"1,0.66,100,1.73,0.04,-36.44,0,2,0,1,0"
2026-01-19T14:45:00.000-00:00,"1,0.34,100,0.71,0.27,-6,0,2,0,2,16"
2026-01-20T11:00:00.000-00:00,"1,1.85,100,6.06,0.23,162.39,1,2,0,6,7"
2026-01-20T13:45:00.000-00:00,"0,0.31,100,1.39,0.04,-81.61,0,2,1,8,1"
2026-01-21T00:45:00.000-00:00,"0,0.11,100,1.25,0.24,-179.42,0,1,0,5,0"
2026-01-21T06:45:00.000-00:00,"1,1.11,100,3.99,0.01,-228.98,0,1,0,10,27"
2026-01-21T14:45:00.000-00:00,"0,0.06,100,0.65,0.79,-417.51,0,2,1,19,0"
2026-01-21T21:15:00.000-00:00,"0,1.12,100,2.48,0.12,-337.36,0,2,0,45,1"
2026-01-21T21:45:00.000-00:00,"1,0.08,100,2.82,0.01,-119.97,0,1,1,1,0"
2026-01-22T00:30:00.000-00:00,"1,0.16,100,0.6,0.59,-150.8,0,1,0,12,1"
2026-01-22T09:15:00.000-00:00,"0,0.85,100,2.67,0.01,-262.37,0,2,0,1,1"
2026-01-22T11:00:00.000-00:00,"1,0.94,100,1.11,0.4,24.12,1,2,1,4,0"
2026-01-22T11:00:00.000-00:00,"1,0.67,100,0.84,0.11,-53.96,0,2,1,5,0"
2026-01-22T11:15:00.000-00:00,"1,1.6,100,1.9,0.15,-170.16,0,2,0,7,0"
2026-01-22T11:45:00.000-00:00,"0,0.28,100,2.12,0.89,-163.49,0,2,1,1,0"
2026-01-22T21:45:00.000-00:00,"1,0.22,100,1.22,0.13,258.28,1,3,1,1,5"
2026-01-23T07:30:00.000-00:00,"0,0.37,100,1.4,0.14,134.69,1,1,0,1,2"
2026-01-23T10:30:00.000-00:00,"1,0.3,100,1.33,0.48,592.3,1,2,1,2,0"
2026-01-23T12:00:00.000-00:00,"1,2.57,100,3.89,0,425.07,1,2,0,6,3"
2026-01-25T23:00:00.000-00:00,"1,0.07,100,0.31,4.68,1092.69,1,1,1,2,0"
2026-01-26T00:00:00.000-00:00,"0,0.28,100,0.93,0.76,1022.16,1,1,1,1,1"
2026-01-26T05:45:00.000-00:00,"0,0.03,100,1.07,1,635.58,1,1,1,9,0"
2026-01-26T07:00:00.000-00:00,"0,0.08,100,0.55,0.52,663.95,1,1,1,15,0"
2026-01-27T07:15:00.000-00:00,"1,0.09,100,0.6,0.29,873.76,1,1,0,1,2"
2026-01-27T08:30:00.000-00:00,"1,1.21,100,3.24,0.03,787.59,1,1,0,20,3"
2026-01-27T14:45:00.000-00:00,"0,0.1,100,1.54,0.24,501.96,1,4,0,4,0"
2026-01-27T16:30:00.000-00:00,"0,1.22,100,1.89,0.31,12.79,1,3,0,2,0"
2026-01-28T15:45:00.000-00:00,"0,0.02,100,2.98,0.01,-447.18,0,2,1,1,25"
2026-01-28T16:30:00.000-00:00,"1,0.08,100,0.57,0.67,-340.34,0,3,1,1,0"
2026-01-28T17:00:00.000-00:00,"0,0.06,100,1.1,2.22,-267.22,0,2,1,32,0"
2026-01-28T19:00:00.000-00:00,"1,0.27,100,1.47,0.25,-71.61,0,3,0,1,2"
2026-01-28T19:00:00.000-00:00,"1,0.05,100,0.38,2.07,-153.26,0,3,1,3,1"
2026-01-29T21:00:00.000-00:00,"0,0.08,100,1.66,0.67,-707.85,0,3,1,8,0"
2026-01-30T16:00:00.000-00:00,"0,0.2,100,0.85,0.03,-702.18,0,3,0,2,1"
2026-01-30T21:15:00.000-00:00,"1,0.47,100,3.46,0.23,-520.32,0,3,1,1,19"
2026-02-02T11:00:00.000-00:00,"1,0.35,100,0.94,1.11,312.43,1,2,0,2,5"
2026-02-02T11:45:00.000-00:00,"0,0.05,100,0.45,3.32,276.04,1,2,1,1,2"
2026-02-02T18:30:00.000-00:00,"1,0.21,100,0.85,0.98,376.33,1,3,1,1,0"
2026-02-03T13:15:00.000-00:00,"0,0.12,100,1.03,0,109.67,1,2,1,7,2"
2026-02-03T16:00:00.000-00:00,"0,0.7,100,1.36,0.07,305.26,1,2,1,23,1"
2026-02-03T21:45:00.000-00:00,"1,0.02,100,1.16,0.58,9.98,1,1,1,1,0"
2026-02-04T10:00:00.000-00:00,"0,0.11,100,2.63,0.44,224.75,1,2,0,1,0"
2026-02-04T13:15:00.000-00:00,"1,0.93,100,2.34,0.02,393.18,1,2,0,4,5"
2026-02-04T17:45:00.000-00:00,"0,0.27,100,2.01,0.55,-150.73,0,3,1,4,2"
2026-02-05T07:00:00.000-00:00,"0,0.3,100,3.98,0.08,-442.7,0,1,0,2,1"
2026-02-05T07:00:00.000-00:00,"0,0.01,100,0.77,2,-384.67,0,1,0,4,0"
2026-02-05T11:15:00.000-00:00,"0,0.32,100,2.25,0.09,-492.19,0,2,1,9,0"
2026-02-05T11:45:00.000-00:00,"0,0.97,100,4.25,0.02,-585.88,0,2,0,5,5"
2026-02-06T13:30:00.000-00:00,"1,0.58,100,2.35,0.09,-277.59,0,2,0,14,2"
2026-02-09T06:15:00.000-00:00,"1,0.08,100,0.75,0.3,-10.79,0,1,1,2,0"
2026-02-09T06:15:00.000-00:00,"1,0.3,100,0.96,0,-36.15,0,1,1,3,0"
2026-02-09T11:00:00.000-00:00,"1,0.81,100,2.38,0.22,-230.55,0,2,1,1,2"
2026-02-09T19:45:00.000-00:00,"0,1.16,100,6.08,0.05,-256.94,0,3,0,3,19"
2026-02-09T21:45:00.000-00:00,"1,0.04,100,1.04,0.03,-164.63,0,3,1,8,3"
2026-02-10T00:15:00.000-00:00,"1,0.16,100,1.25,0.06,-219.81,0,3,0,20,2"
2026-02-10T02:30:00.000-00:00,"0,0.25,100,1.71,0.17,-181.88,0,1,1,4,6"
2026-02-10T13:00:00.000-00:00,"1,0.45,100,4.61,0.58,-153.63,0,4,1,2,0"
2026-02-10T17:45:00.000-00:00,"0,0.5,100,1.13,0.68,-586.06,0,3,1,2,8"
2026-02-12T17:45:00.000-00:00,"1,0.07,100,0.87,0.48,505.7,1,3,0,1,9"
2026-02-12T18:30:00.000-00:00,"1,1.15,100,1.8,0.41,375.82,1,3,0,6,8"
2026-02-13T06:15:00.000-00:00,"1,0.79,100,2.33,0,257.22,1,3,0,18,44"
2026-02-13T11:15:00.000-00:00,"1,0.19,100,1.1,0.78,144.88,1,2,0,1,2"
2026-02-13T20:45:00.000-00:00,"1,0.12,100,0.48,0,461.31,1,3,1,1,1"
2026-02-13T20:45:00.000-00:00,"1,0.37,100,3.3,0.03,338.69,1,3,1,2,14"
2026-02-16T01:30:00.000-00:00,"0,0.11,100,1.8,0.1,284.83,1,1,1,2,0"
2026-02-16T09:00:00.000-00:00,"0,0.07,100,0.76,0.53,364.31,1,1,0,34,1"
2026-02-16T09:00:00.000-00:00,"0,0.06,100,0.86,0.2,399.58,1,1,1,36,0"
2026-02-16T17:30:00.000-00:00,"0,0.08,100,0.73,1.18,200.1,1,3,0,2,4"
2026-02-17T06:45:00.000-00:00,"1,0.09,100,1.01,0.85,-28.69,0,1,1,1,0"
2026-02-17T08:30:00.000-00:00,"0,1.31,100,2.67,0.42,-499.03,0,2,0,1,2"
2026-02-17T08:30:00.000-00:00,"0,0.37,100,0.72,0.83,-370.17,0,2,0,4,0"
2026-02-17T11:30:00.000-00:00,"1,0.57,100,1.83,0.04,-319.13,0,2,0,9,2"
2026-02-18T06:30:00.000-00:00,"1,0.3,100,2.28,0.04,-215.69,0,1,1,3,1"
2026-02-18T06:45:00.000-00:00,"1,0.15,100,1.6,0.22,-194.94,0,1,1,1,3"
2026-02-19T07:45:00.000-00:00,"0,0.34,100,1.59,1.6,-315.71,0,2,0,1,1"
2026-02-19T08:45:00.000-00:00,"1,0.88,100,1.99,0.3,-263.92,0,2,0,2,1"
2026-02-19T17:30:00.000-00:00,"0,1.05,100,2.07,0,-731.4,0,3,0,3,3"
2026-02-23T03:00:00.000-00:00,"1,0.05,100,1.84,0.11,200.86,1,1,0,2,0"
2026-02-23T08:00:00.000-00:00,"1,0.75,100,2.81,0.24,231.08,1,1,0,7,0"
2026-02-23T13:45:00.000-00:00,"1,0.71,100,3.97,0.12,123.85,1,4,1,1,0"
2026-02-23T16:30:00.000-00:00,"0,0.08,100,0.95,0.81,124.78,1,3,0,1,1"
2026-02-24T18:00:00.000-00:00,"1,0.45,100,1.15,0.18,473.83,1,3,0,7,3"
2026-02-24T21:00:00.000-00:00,"0,0.26,100,0.94,1.15,142.24,1,3,1,1,2"
2026-02-25T02:00:00.000-00:00,"0,0.2,100,0.74,0.27,183.14,1,3,1,24,0"
2026-02-25T07:45:00.000-00:00,"0,0.27,100,1.08,1.08,47.34,1,2,1,1,0"
2026-02-25T11:45:00.000-00:00,"0,0.28,100,2.7,0.2,79.6,1,2,0,1,0"
2026-02-25T18:15:00.000-00:00,"1,0.75,100,1.02,0.02,518.98,1,3,0,1,3"
2026-02-26T02:45:00.000-00:00,"0,0.09,100,1.07,0,258.92,1,1,0,1,0"
2026-02-26T04:00:00.000-00:00,"1,0.8,100,2.41,0,415.28,1,3,0,6,38"
2026-02-26T09:00:00.000-00:00,"0,0.28,100,1.33,0.16,-102.05,0,2,1,1,2"
2026-02-26T11:00:00.000-00:00,"0,1.06,100,6.43,0.02,-24.43,0,2,0,10,2"
2026-02-26T11:45:00.000-00:00,"1,0.15,100,1.51,0.16,72.58,1,2,0,1,0"
2026-02-26T13:15:00.000-00:00,"0,0.07,100,1.22,0.05,236.63,1,1,0,38,0"
2026-02-26T15:15:00.000-00:00,"1,0.62,100,2.39,0.12,-20.45,0,2,1,18,0"
2026-02-26T19:00:00.000-00:00,"0,0.48,100,1.65,0.1,-758.24,0,3,0,2,2"
2026-02-26T19:30:00.000-00:00,"0,0.35,100,0.88,0.35,-676.55,0,3,0,6,1"
2026-02-26T20:15:00.000-00:00,"1,0.15,100,0.62,0.44,-540.91,0,3,1,1,0"
2026-02-27T00:00:00.000-00:00,"1,0.16,100,0.95,0.23,-476.42,0,1,1,1,0"
2026-02-27T01:45:00.000-00:00,"1,0.35,100,0.65,0.53,-586.56,0,3,0,8,16"
2026-02-27T01:45:00.000-00:00,"1,0.05,100,0.45,0.33,-637.92,0,3,0,12,13"
2026-02-27T06:15:00.000-00:00,"0,1.14,100,3.26,0.07,-563.11,0,3,1,10,41"
2026-02-27T07:30:00.000-00:00,"0,1.25,100,3.49,0.18,-629.62,0,1,0,3,1"
2026-02-27T07:45:00.000-00:00,"0,0.65,100,2.6,0.08,-546.27,0,1,0,5,1"
2026-02-27T10:15:00.000-00:00,"1,0.54,100,1.14,1.07,-442.62,0,2,0,7,2"
2026-02-27T11:45:00.000-00:00,"1,0.5,100,0.72,0.2,-504.45,0,2,0,9,7"
2026-02-27T20:00:00.000-00:00,"0,0.84,100,1.61,0.01,-936.97,0,3,0,16,3"
2026-02-27T21:45:00.000-00:00,"1,0.29,100,1.92,0.19,-589.69,0,3,1,1,4"
2026-03-02T11:00:00.000-00:00,"0,0.94,100,2.22,0.32,-1122.28,0,1,0,17,1"
2026-03-02T14:00:00.000-00:00,"0,1.58,100,4.93,0,-966.01,0,1,0,20,11"
2026-03-02T14:30:00.000-00:00,"1,0.19,100,0.88,0.51,-914.84,0,2,1,7,7"
2026-03-02T14:30:00.000-00:00,"0,0.14,100,1.32,0.9,-808.6,0,1,1,36,0"
2026-03-02T14:45:00.000-00:00,"0,0.4,100,2.52,0.12,-763.04,0,1,0,38,0"
2026-03-02T14:45:00.000-00:00,"0,0.27,100,0.69,1.25,-720.07,0,1,1,39,0"
2026-03-02T19:15:00.000-00:00,"1,0.69,100,2,0.11,-91.16,0,3,0,5,3"
2026-03-02T20:00:00.000-00:00,"1,0.85,100,3.68,0.11,-249.26,0,3,0,11,1"
2026-03-02T20:00:00.000-00:00,"1,0.03,100,0.14,4.67,-380.62,0,3,1,13,0"
2026-03-03T00:45:00.000-00:00,"0,0.37,100,2.26,0.04,-352.65,0,1,0,2,0"
2026-03-03T19:30:00.000-00:00,"1,1.02,100,2.91,0.23,-686.64,0,3,1,3,0"
2026-03-04T04:45:00.000-00:00,"0,0.57,100,1.62,0.18,-486.03,0,1,1,7,10"
2026-03-04T07:00:00.000-00:00,"0,0.52,100,1.74,0.13,-468.89,0,1,1,7,2"
2026-03-04T09:00:00.000-00:00,"0,0.46,100,3.14,0,-428.72,0,1,0,29,6"
2026-03-04T14:00:00.000-00:00,"0,0.27,100,0.54,1.17,32.13,1,4,0,8,0"
2026-03-04T14:15:00.000-00:00,"1,1.38,100,2.85,0,-198.09,0,2,1,12,8"
2026-03-05T00:45:00.000-00:00,"0,0.35,100,2.6,0.27,-294.46,0,1,0,2,4"
2026-03-05T05:45:00.000-00:00,"0,0.79,100,1.64,0.05,-588.63,0,1,1,2,3"
2026-03-05T08:00:00.000-00:00,"0,0.06,100,0.65,1,-476.86,0,1,1,16,2"
2026-03-06T06:30:00.000-00:00,"0,0.14,100,0.99,0.4,97.18,1,1,1,7,0"
2026-03-06T07:00:00.000-00:00,"1,0.32,100,1.4,0.4,65.67,1,1,1,1,0"
2026-03-06T12:00:00.000-00:00,"0,0.96,100,2.37,0.16,-246.07,0,2,1,1,8"
2026-03-06T13:15:00.000-00:00,"0,0.04,100,0.66,0.37,-142.54,0,2,1,15,0"
2026-03-09T05:15:00.000-00:00,"0,1,100,4.1,0.05,-1601.75,0,1,0,1,5"
2026-03-09T05:15:00.000-00:00,"0,0.2,100,1.27,0,-1519.73,0,1,1,7,0"
2026-03-09T05:45:00.000-00:00,"0,0.03,100,0.77,0.13,-1500.33,0,1,0,1,13"
2026-03-09T07:30:00.000-00:00,"0,0.5,100,2.19,0.47,-1300.75,0,1,0,25,0"
2026-03-09T08:15:00.000-00:00,"1,1.23,100,2.74,0.01,-1016.69,0,2,0,2,0"
2026-03-09T09:00:00.000-00:00,"0,0.22,100,1.88,0.05,-973.78,0,2,0,1,1"
2026-03-09T09:45:00.000-00:00,"1,0.37,100,1.16,0.59,-856.88,0,2,0,2,0"
2026-03-09T14:15:00.000-00:00,"1,0.45,100,1.47,0.03,-180.03,0,4,0,1,1"
2026-03-09T15:00:00.000-00:00,"1,0.14,100,0.19,0.31,-238.6,0,4,1,2,4"
2026-03-09T18:00:00.000-00:00,"1,0.45,100,3.03,0.09,152.93,1,3,1,6,5"
2026-03-10T02:45:00.000-00:00,"1,0.31,100,2.86,0.04,796.33,1,1,0,1,7"
2026-03-10T04:15:00.000-00:00,"0,0.09,100,0.92,0.63,581.36,1,1,1,1,0"
2026-03-10T06:30:00.000-00:00,"0,0.25,100,2.97,0.12,683.85,1,1,0,1,13"
2026-03-10T14:00:00.000-00:00,"1,0.79,100,1.49,0.03,386.61,1,4,0,2,0"
2026-03-11T03:00:00.000-00:00,"0,0.26,100,1.42,0.15,135.72,1,1,1,1,0"
2026-03-11T05:45:00.000-00:00,"1,0.03,100,0.95,0.5,135.82,1,1,1,7,0"
2026-03-11T11:45:00.000-00:00,"1,1.16,100,2.35,0.18,57.88,1,2,0,4,1"
2026-03-11T23:15:00.000-00:00,"0,0.61,100,1.92,0,-144.9,0,1,1,1,1"
2026-03-12T04:45:00.000-00:00,"0,0.76,100,2,0.72,-483.12,0,1,1,1,7"
2026-03-12T05:15:00.000-00:00,"0,0.18,100,1.17,0.52,-495.77,0,1,0,1,1"
2026-03-12T07:00:00.000-00:00,"0,0.69,100,1.97,0.07,-424.79,0,1,0,17,1"
2026-03-12T07:30:00.000-00:00,"0,0.02,100,0.6,0,-388.19,0,1,0,19,2"
2026-03-12T09:30:00.000-00:00,"1,0.28,100,0.71,0.11,-344.5,0,2,1,5,5"
2026-03-12T10:45:00.000-00:00,"1,0.51,100,2.1,0.03,-197.4,0,2,1,2,2"
2026-03-12T12:00:00.000-00:00,"1,0.1,100,2.2,0.52,-1,0,2,0,1,0"
2026-03-12T12:45:00.000-00:00,"0,0.26,100,0.86,1.29,-96.43,0,4,1,1,0"
2026-03-12T19:30:00.000-00:00,"0,0.18,100,0.82,0.4,-226.77,0,3,0,2,1"
2026-03-13T03:45:00.000-00:00,"0,0.09,100,0.54,0.5,-20.86,0,1,0,1,0"
2026-03-13T06:15:00.000-00:00,"0,0.78,100,3.42,0.13,-62.14,0,1,1,3,3"
2026-03-13T09:15:00.000-00:00,"0,1.29,100,1.78,0.18,-645.01,0,2,0,1,3"
2026-03-13T12:30:00.000-00:00,"0,2.19,100,6.51,0.27,-294.9,0,2,1,21,0"
2026-03-13T13:45:00.000-00:00,"1,0.03,100,0.82,0.67,-104.73,0,4,1,1,2"
2026-03-13T19:15:00.000-00:00,"0,0.04,100,0.92,0.65,-98.87,0,3,1,1,2"
2026-03-13T20:45:00.000-00:00,"0,0.16,100,1.79,0.16,-236.34,0,3,1,3,0"
2026-03-16T03:30:00.000-00:00,"1,0.34,100,1.53,0.48,-128.39,0,1,1,5,8"
2026-03-16T04:30:00.000-00:00,"1,0.14,100,1.46,0.37,-36.94,0,1,0,4,1"
2026-03-16T06:15:00.000-00:00,"0,0.33,100,2.08,0.11,-31.42,0,1,1,1,6"
2026-03-16T07:30:00.000-00:00,"1,0.24,100,1.89,0.27,-189.94,0,1,0,29,1"
2026-03-16T08:00:00.000-00:00,"0,0.55,100,0.94,0.82,-212.6,0,2,1,1,0"
2026-03-16T17:45:00.000-00:00,"1,0.02,100,1.9,0.4,229.38,1,3,0,1,1"
2026-03-17T00:15:00.000-00:00,"1,0.92,100,2.94,0.07,398.47,1,3,0,18,5"
2026-03-17T01:45:00.000-00:00,"0,0.55,100,1.29,0,143.54,1,1,0,1,1"
2026-03-17T05:30:00.000-00:00,"1,0.1,100,0.82,1,214.45,1,1,1,2,0"
2026-03-17T05:45:00.000-00:00,"1,0.31,100,1.01,0.67,155.68,1,1,0,15,0"
2026-03-17T07:15:00.000-00:00,"0,1.13,100,2.34,0.09,122.2,1,1,0,5,0"
2026-03-17T16:00:00.000-00:00,"1,0.47,100,1.91,0.13,808.29,1,3,0,1,2"
2026-03-17T17:00:00.000-00:00,"1,0.27,100,0.55,0.43,753.03,1,3,0,4,4"
2026-03-17T21:15:00.000-00:00,"0,0.06,100,2.13,0.18,611.44,1,3,0,2,2"
